{"cameraMode":{"drawMode":0,"name":"Shaded","section":"Shading Mode"},"sceneLighting":false,"audioPlay":false,"sceneViewState":{"m_AlwaysRefresh":false,"showFog":true,"showSkybox":false,"showFlares":true,"showImageEffects":true,"showParticleSystems":true,"showVisualEffectGraphs":true,"m_FxEnabled":true},"in2DMode":false,"pivot":{"x":-1.0637359619140626,"y":0.37968018651008608,"z":2.7150228023529054},"rotation":{"x":0.07049631327390671,"y":0.8966696858406067,"z":-0.15424305200576783,"w":0.4091741144657135},"size":0.7979457974433899,"orthographic":false}