{"cameraMode":{"drawMode":0,"name":"Shaded","section":"Shading Mode"},"sceneLighting":false,"audioPlay":false,"sceneViewState":{"m_AlwaysRefresh":false,"showFog":true,"showSkybox":false,"showFlares":true,"showImageEffects":true,"showParticleSystems":true,"showVisualEffectGraphs":true,"m_FxEnabled":false},"in2DMode":false,"pivot":{"x":74.02957916259766,"y":56.14815139770508,"z":64.97675323486328},"rotation":{"x":0.00040648100548423827,"y":0.997710645198822,"z":-0.06744807958602905,"w":0.00598619831725955},"size":5.042547225952148,"orthographic":false}