{"cameraMode":{"drawMode":0,"name":"Shaded","section":"Shading Mode"},"sceneLighting":true,"audioPlay":false,"sceneViewState":{"m_AlwaysRefresh":false,"showFog":true,"showSkybox":true,"showFlares":true,"showImageEffects":true,"showParticleSystems":true,"showVisualEffectGraphs":true,"m_FxEnabled":true},"in2DMode":false,"pivot":{"x":64.12137603759766,"y":54.27629852294922,"z":71.88357543945313},"rotation":{"x":0.19958481192588807,"y":0.02498357929289341,"z":-0.005090954713523388,"w":0.9795523285865784},"size":12.448716163635254,"orthographic":false}